{"cameraMode":{"drawMode":0,"name":"Shaded","section":"Shading Mode"},"sceneLighting":true,"audioPlay":false,"sceneViewState":{"showFog":true,"showMaterialUpdate":false,"showSkybox":true,"showFlares":true,"showImageEffects":true,"showParticleSystems":true,"showVisualEffectGraphs":true,"m_FxEnabled":true},"in2DMode":false,"pivot":{"x":54.179779052734378,"y":2.725903272628784,"z":53.84275436401367},"rotation":{"x":0.0050651137717068199,"y":-0.3822306990623474,"z":-0.002640027552843094,"w":-0.9242542386054993},"size":41.06388854980469,"orthographic":false}