{"cameraMode":{"drawMode":0,"name":"Shaded","section":"Shading Mode"},"sceneLighting":true,"audioPlay":false,"sceneViewState":{"showFog":true,"showMaterialUpdate":false,"showSkybox":true,"showFlares":true,"showImageEffects":true,"showParticleSystems":true,"showVisualEffectGraphs":true,"m_FxEnabled":true},"in2DMode":false,"pivot":{"x":4.310375213623047,"y":0.23398208618164063,"z":23.979421615600587},"rotation":{"x":-0.14378094673156739,"y":-0.40845778584480288,"z":0.06496001034975052,"w":-0.8992045521736145},"size":6.092471122741699,"orthographic":false}