{"cameraMode":{"drawMode":0,"name":"Shaded","section":"Shading Mode"},"sceneLighting":true,"audioPlay":false,"sceneViewState":{"showFog":true,"showMaterialUpdate":false,"showSkybox":true,"showFlares":true,"showImageEffects":true,"showParticleSystems":true,"showVisualEffectGraphs":true,"m_FxEnabled":true},"in2DMode":false,"pivot":{"x":3.8594207763671877,"y":-7.321808815002441,"z":41.904693603515628},"rotation":{"x":0.1834878772497177,"y":0.09420938044786453,"z":-0.017671115696430208,"w":0.9783335328102112},"size":20.175111770629884,"orthographic":false}