{"cameraMode":{"drawMode":0,"name":"Shaded","section":"Shading Mode"},"sceneLighting":true,"audioPlay":false,"sceneViewState":{"showFog":true,"showMaterialUpdate":false,"showSkybox":true,"showFlares":true,"showImageEffects":true,"showParticleSystems":true,"showVisualEffectGraphs":true,"m_FxEnabled":true},"in2DMode":false,"pivot":{"x":-3.5197224617004396,"y":13.629436492919922,"z":-37.28168869018555},"rotation":{"x":-0.17519521713256837,"y":0.009742163121700287,"z":-0.0017411781009286643,"w":-0.984499454498291},"size":17.7420654296875,"orthographic":true}