{"cameraMode":{"drawMode":0,"name":"Shaded","section":"Shading Mode"},"sceneLighting":true,"audioPlay":false,"sceneViewState":{"showFog":true,"showMaterialUpdate":false,"showSkybox":true,"showFlares":true,"showImageEffects":true,"showParticleSystems":true,"showVisualEffectGraphs":true,"m_FxEnabled":true},"in2DMode":false,"pivot":{"x":3.7786030769348146,"y":-0.04877486824989319,"z":1.9904708862304688},"rotation":{"x":-0.062244758009910586,"y":-0.5696696043014526,"z":0.04332435131072998,"w":-0.8183752298355103},"size":5.014692783355713,"orthographic":false}