{"cameraMode":{"drawMode":0,"name":"Shaded","section":"Shading Mode"},"sceneLighting":true,"audioPlay":false,"sceneViewState":{"showFog":true,"showMaterialUpdate":false,"showSkybox":true,"showFlares":true,"showImageEffects":true,"showParticleSystems":true,"showVisualEffectGraphs":true,"m_FxEnabled":true},"in2DMode":false,"pivot":{"x":0.4013090133666992,"y":-10.303732872009278,"z":43.00467300415039},"rotation":{"x":0.25381916761398318,"y":-0.07390733808279038,"z":0.01945391669869423,"w":0.9642220735549927},"size":22.372447967529298,"orthographic":false}