{"cameraMode":{"drawMode":0,"name":"Shaded","section":"Shading Mode"},"sceneLighting":true,"audioPlay":false,"sceneViewState":{"showFog":true,"showMaterialUpdate":false,"showSkybox":true,"showFlares":true,"showImageEffects":true,"showParticleSystems":true,"showVisualEffectGraphs":true,"m_FxEnabled":true},"in2DMode":false,"pivot":{"x":-0.46596890687942507,"y":1.4366711378097535,"z":-1.7931866645812989},"rotation":{"x":-0.07148732990026474,"y":-0.27377504110336306,"z":0.02040521614253521,"w":-0.958925724029541},"size":1.4221019744873047,"orthographic":false}